Complexity,Loss,Equation
1,7234.58,"178.93054"
3,814.8057,"7130.228 / t"
5,37.582573,"4326.603 / (t + -12.310201)"
7,4.3226867,"(6599.5405 / (t + -7.44718)) + -42.834686"
